sep=;
"Time";"PM10";"PM2.5";"PM1";"PM 4";"PM TOT"
"2024-04-27T00:00:00+00:00";3;1;1;2;3
"2024-04-27T00:01:00+00:00";4;1;1;2;4
"2024-04-27T00:02:00+00:00";3;1;0;2;3
"2024-04-27T00:03:00+00:00";3;1;1;2;3
"2024-04-27T00:04:00+00:00";3;1;1;2;3
"2024-04-27T00:05:00+00:00";null;null;null;null;null
"2024-04-27T00:06:00+00:00";4;2;1;3;4
"2024-04-27T00:07:00+00:00";2;1;0;2;2
"2024-04-27T00:08:00+00:00";3;1;1;2;3
"2024-04-27T00:09:00+00:00";4;2;1;2;4
"2024-04-27T00:10:00+00:00";2;1;0;1;2
"2024-04-27T00:11:00+00:00";1;1;0;1;1
"2024-04-27T00:12:00+00:00";3;1;1;2;3
"2024-04-27T00:13:00+00:00";2;1;0;1;2
"2024-04-27T00:14:00+00:00";1;1;0;1;1
"2024-04-27T00:15:00+00:00";null;null;null;null;null
"2024-04-27T00:16:00+00:00";1;1;0;1;1
"2024-04-27T00:17:00+00:00";2;1;1;2;2
"2024-04-27T00:18:00+00:00";4;2;1;2;4
"2024-04-27T00:19:00+00:00";2;1;0;1;2
"2024-04-27T00:20:00+00:00";2;1;0;1;2
"2024-04-27T00:21:00+00:00";3;2;1;2;3
"2024-04-27T00:22:00+00:00";2;1;1;2;2
"2024-04-27T00:23:00+00:00";3;1;1;2;3
"2024-04-27T00:24:00+00:00";3;2;1;2;3
"2024-04-27T00:25:00+00:00";null;null;null;null;null
"2024-04-27T00:26:00+00:00";3;2;1;3;3
"2024-04-27T00:27:00+00:00";3;2;1;2;3
"2024-04-27T00:28:00+00:00";3;2;1;2;3
"2024-04-27T00:29:00+00:00";2;1;1;2;2
"2024-04-27T00:30:00+00:00";3;1;1;2;3
"2024-04-27T00:31:00+00:00";4;2;1;3;4
"2024-04-27T00:32:00+00:00";3;1;1;2;3
"2024-04-27T00:33:00+00:00";3;1;1;2;3
"2024-04-27T00:34:00+00:00";null;null;null;null;null
"2024-04-27T00:35:00+00:00";2;1;1;2;2
"2024-04-27T00:36:00+00:00";2;1;0;1;2
"2024-04-27T00:37:00+00:00";1;1;0;1;1
"2024-04-27T00:38:00+00:00";1;1;0;1;1
"2024-04-27T00:39:00+00:00";2;1;0;1;2
"2024-04-27T00:40:00+00:00";1;1;0;1;1
"2024-04-27T00:41:00+00:00";2;0;0;1;2
"2024-04-27T00:42:00+00:00";1;0;0;1;1
"2024-04-27T00:43:00+00:00";1;1;0;1;1
"2024-04-27T00:44:00+00:00";null;null;null;null;null
"2024-04-27T00:45:00+00:00";1;0;0;1;1
"2024-04-27T00:46:00+00:00";1;0;0;1;1
"2024-04-27T00:47:00+00:00";1;0;0;1;1
"2024-04-27T00:48:00+00:00";1;0;0;0;1
"2024-04-27T00:49:00+00:00";1;1;0;1;1
"2024-04-27T00:50:00+00:00";0;0;0;0;0
"2024-04-27T00:51:00+00:00";0;0;0;0;0
"2024-04-27T00:52:00+00:00";0;0;0;0;0
"2024-04-27T00:53:00+00:00";1;0;0;0;1
"2024-04-27T00:54:00+00:00";null;null;null;null;null
"2024-04-27T00:55:00+00:00";0;0;0;0;0
"2024-04-27T00:56:00+00:00";0;0;0;0;0
"2024-04-27T00:57:00+00:00";2;0;0;0;2
"2024-04-27T00:58:00+00:00";0;0;0;0;0
"2024-04-27T00:59:00+00:00";0;0;0;0;0
"2024-04-27T01:00:00+00:00";0;0;0;0;0
"2024-04-27T01:01:00+00:00";0;0;0;0;0
"2024-04-27T01:02:00+00:00";0;0;0;0;0
"2024-04-27T01:03:00+00:00";null;null;null;null;null
"2024-04-27T01:04:00+00:00";0;0;0;0;0
"2024-04-27T01:05:00+00:00";0;0;0;0;0
"2024-04-27T01:06:00+00:00";0;0;0;0;0
"2024-04-27T01:07:00+00:00";0;0;0;0;0
"2024-04-27T01:08:00+00:00";0;0;0;0;0
"2024-04-27T01:09:00+00:00";0;0;0;0;0
"2024-04-27T01:10:00+00:00";0;0;0;0;0
"2024-04-27T01:11:00+00:00";0;0;0;0;0
"2024-04-27T01:12:00+00:00";0;0;0;0;0
"2024-04-27T01:13:00+00:00";null;null;null;null;null
"2024-04-27T01:14:00+00:00";0;0;0;0;0
"2024-04-27T01:15:00+00:00";0;0;0;0;0
"2024-04-27T01:16:00+00:00";0;0;0;0;0
"2024-04-27T01:17:00+00:00";0;0;0;0;0
"2024-04-27T01:18:00+00:00";0;0;0;0;0
"2024-04-27T01:19:00+00:00";0;0;0;0;0
"2024-04-27T01:20:00+00:00";0;0;0;0;0
"2024-04-27T01:21:00+00:00";0;0;0;0;0
"2024-04-27T01:22:00+00:00";0;0;0;0;0
"2024-04-27T01:23:00+00:00";null;null;null;null;null
"2024-04-27T01:24:00+00:00";0;0;0;0;0
"2024-04-27T01:25:00+00:00";0;0;0;0;0
"2024-04-27T01:26:00+00:00";0;0;0;0;0
"2024-04-27T01:27:00+00:00";0;0;0;0;0
"2024-04-27T01:28:00+00:00";0;0;0;0;0
"2024-04-27T01:29:00+00:00";0;0;0;0;0
"2024-04-27T01:30:00+00:00";0;0;0;0;0
"2024-04-27T01:31:00+00:00";0;0;0;0;0
"2024-04-27T01:32:00+00:00";0;0;0;0;0
"2024-04-27T01:33:00+00:00";null;null;null;null;null
"2024-04-27T01:34:00+00:00";0;0;0;0;0
"2024-04-27T01:35:00+00:00";0;0;0;0;0
"2024-04-27T01:36:00+00:00";0;0;0;0;0
"2024-04-27T01:37:00+00:00";0;0;0;0;0
"2024-04-27T01:38:00+00:00";0;0;0;0;0
"2024-04-27T01:39:00+00:00";0;0;0;0;0
"2024-04-27T01:40:00+00:00";0;0;0;0;0
"2024-04-27T01:41:00+00:00";0;0;0;0;0
"2024-04-27T01:42:00+00:00";null;null;null;null;null
"2024-04-27T01:43:00+00:00";1;0;0;0;1
"2024-04-27T01:44:00+00:00";0;0;0;0;0
"2024-04-27T01:45:00+00:00";0;0;0;0;0
"2024-04-27T01:46:00+00:00";0;0;0;0;0
"2024-04-27T01:47:00+00:00";0;0;0;0;0
"2024-04-27T01:48:00+00:00";0;0;0;0;0
"2024-04-27T01:49:00+00:00";1;0;0;0;1
"2024-04-27T01:50:00+00:00";0;0;0;0;0
"2024-04-27T01:51:00+00:00";0;0;0;0;0
"2024-04-27T01:52:00+00:00";null;null;null;null;null
"2024-04-27T01:53:00+00:00";0;0;0;0;0
"2024-04-27T01:54:00+00:00";0;0;0;0;0
"2024-04-27T01:55:00+00:00";1;0;0;0;1
"2024-04-27T01:56:00+00:00";2;1;0;1;2
"2024-04-27T01:57:00+00:00";0;0;0;0;0
"2024-04-27T01:58:00+00:00";1;0;0;1;1
"2024-04-27T01:59:00+00:00";0;0;0;0;0
"2024-04-27T02:00:00+00:00";0;0;0;0;0
"2024-04-27T02:01:00+00:00";null;null;null;null;null
"2024-04-27T02:02:00+00:00";0;0;0;0;0
"2024-04-27T02:03:00+00:00";0;0;0;0;0
"2024-04-27T02:04:00+00:00";0;0;0;0;0
"2024-04-27T02:05:00+00:00";0;0;0;0;0
"2024-04-27T02:06:00+00:00";1;0;0;0;1
"2024-04-27T02:07:00+00:00";0;0;0;0;0
"2024-04-27T02:08:00+00:00";0;0;0;0;0
"2024-04-27T02:09:00+00:00";0;0;0;0;0
"2024-04-27T02:10:00+00:00";0;0;0;0;0
"2024-04-27T02:11:00+00:00";null;null;null;null;null
"2024-04-27T02:12:00+00:00";0;0;0;0;0
"2024-04-27T02:13:00+00:00";0;0;0;0;0
"2024-04-27T02:14:00+00:00";0;0;0;0;0
"2024-04-27T02:15:00+00:00";0;0;0;0;0
"2024-04-27T02:16:00+00:00";0;0;0;0;0
"2024-04-27T02:17:00+00:00";0;0;0;0;0
"2024-04-27T02:18:00+00:00";1;1;1;1;1
"2024-04-27T02:19:00+00:00";0;0;0;0;0
"2024-04-27T02:20:00+00:00";0;0;0;0;0
"2024-04-27T02:21:00+00:00";null;null;null;null;null
"2024-04-27T02:22:00+00:00";0;0;0;0;0
"2024-04-27T02:23:00+00:00";0;0;0;0;0
"2024-04-27T02:24:00+00:00";0;0;0;0;0
"2024-04-27T02:25:00+00:00";0;0;0;0;0
"2024-04-27T02:26:00+00:00";0;0;0;0;0
"2024-04-27T02:27:00+00:00";0;0;0;0;0
"2024-04-27T02:28:00+00:00";0;0;0;0;0
"2024-04-27T02:29:00+00:00";0;0;0;0;0
"2024-04-27T02:30:00+00:00";0;0;0;0;0
"2024-04-27T02:31:00+00:00";null;null;null;null;null
"2024-04-27T02:32:00+00:00";0;0;0;0;0
"2024-04-27T02:33:00+00:00";0;0;0;0;0
"2024-04-27T02:34:00+00:00";0;0;0;0;0
"2024-04-27T02:35:00+00:00";0;0;0;0;0
"2024-04-27T02:36:00+00:00";0;0;0;0;5
"2024-04-27T02:37:00+00:00";0;0;0;0;0
"2024-04-27T02:38:00+00:00";0;0;0;0;1
"2024-04-27T02:39:00+00:00";0;0;0;0;0
"2024-04-27T02:40:00+00:00";0;0;0;0;0
"2024-04-27T02:41:00+00:00";null;null;null;null;null
"2024-04-27T02:42:00+00:00";1;0;0;0;1
"2024-04-27T02:43:00+00:00";0;0;0;0;0
"2024-04-27T02:44:00+00:00";-1;-1;-1;-1;-1
"2024-04-27T02:45:00+00:00";-1;-1;-1;-1;-1
"2024-04-27T02:46:00+00:00";-1;-1;-1;-1;-1
"2024-04-27T02:47:00+00:00";-1;-1;-1;-1;-1
"2024-04-27T02:48:00+00:00";-1;-1;-1;-1;-1
"2024-04-27T02:49:00+00:00";-1;-1;-1;-1;-1
"2024-04-27T02:50:00+00:00";null;null;null;null;null
"2024-04-27T02:51:00+00:00";-1;-1;-1;-1;-1
"2024-04-27T02:52:00+00:00";-1;-1;-1;-1;-1
"2024-04-27T02:53:00+00:00";-1;-1;-1;-1;-1
"2024-04-27T02:54:00+00:00";-1;-1;-1;-1;-1
"2024-04-27T02:55:00+00:00";-1;-1;-1;-1;-1
"2024-04-27T02:56:00+00:00";-1;-1;-1;-1;-1
"2024-04-27T02:57:00+00:00";-1;-1;-1;-1;-1
"2024-04-27T02:58:00+00:00";-1;-1;-1;-1;-1
"2024-04-27T02:59:00+00:00";-1;-1;-1;-1;-1
"2024-04-27T03:00:00+00:00";null;null;null;null;null
"2024-04-27T03:01:00+00:00";-1;-1;-1;-1;-1
"2024-04-27T03:02:00+00:00";-1;-1;-1;-1;-1
"2024-04-27T03:03:00+00:00";-1;-1;-1;-1;-1
"2024-04-27T03:04:00+00:00";-1;-1;-1;-1;-1
"2024-04-27T03:05:00+00:00";-1;-1;-1;-1;-1
"2024-04-27T03:06:00+00:00";-1;-1;-1;-1;-1
"2024-04-27T03:07:00+00:00";-1;-1;-1;-1;-1
"2024-04-27T03:08:00+00:00";-1;-1;-1;-1;-1
"2024-04-27T03:09:00+00:00";-1;-1;-1;-1;-1
"2024-04-27T03:10:00+00:00";null;null;null;null;null
"2024-04-27T03:11:00+00:00";-1;-1;-1;-1;-1
"2024-04-27T03:12:00+00:00";-1;-1;-1;-1;-1
"2024-04-27T03:13:00+00:00";-1;-1;-1;-1;-1
"2024-04-27T03:14:00+00:00";-1;-1;-1;-1;-1
"2024-04-27T03:15:00+00:00";-1;-1;-1;-1;-1
"2024-04-27T03:16:00+00:00";-1;-1;-1;-1;-1
"2024-04-27T03:17:00+00:00";-1;-1;-1;-1;-1
"2024-04-27T03:18:00+00:00";-1;-1;-1;-1;-1
"2024-04-27T03:19:00+00:00";null;null;null;null;null
"2024-04-27T03:20:00+00:00";-1;-1;-1;-1;-1
"2024-04-27T03:21:00+00:00";-1;-1;-1;-1;-1
"2024-04-27T03:22:00+00:00";-1;-1;-1;-1;-1
"2024-04-27T03:23:00+00:00";-1;-1;-1;-1;-1
"2024-04-27T03:24:00+00:00";-1;-1;-1;-1;-1
"2024-04-27T03:25:00+00:00";-1;-1;-1;-1;-1
"2024-04-27T03:26:00+00:00";-1;-1;-1;-1;-1
"2024-04-27T03:27:00+00:00";-1;-1;-1;-1;-1
"2024-04-27T03:28:00+00:00";-1;-1;-1;-1;-1
"2024-04-27T03:29:00+00:00";null;null;null;null;null
"2024-04-27T03:30:00+00:00";-1;-1;-1;-1;-1
"2024-04-27T03:31:00+00:00";-1;-1;-1;-1;-1
"2024-04-27T03:32:00+00:00";-1;-1;-1;-1;-1
"2024-04-27T03:33:00+00:00";-1;-1;-1;-1;-1
"2024-04-27T03:34:00+00:00";-1;-1;-1;-1;-1
"2024-04-27T03:35:00+00:00";-1;-1;-1;-1;-1
"2024-04-27T03:36:00+00:00";-1;-1;-1;-1;-1
"2024-04-27T03:37:00+00:00";-1;-2;-2;-1;-1
"2024-04-27T03:38:00+00:00";-1;-1;-1;-1;-1
"2024-04-27T03:39:00+00:00";null;null;null;null;null
"2024-04-27T03:40:00+00:00";-2;-2;-2;-2;-2
"2024-04-27T03:41:00+00:00";-1;-1;-1;-1;-1
"2024-04-27T03:42:00+00:00";-2;-2;-2;-2;-2
"2024-04-27T03:43:00+00:00";-1;-1;-1;-1;-1
"2024-04-27T03:44:00+00:00";-1;-1;-2;-1;-1
"2024-04-27T03:45:00+00:00";-2;-2;-2;-2;-2
"2024-04-27T03:46:00+00:00";-1;-1;-2;-1;-1
"2024-04-27T03:47:00+00:00";-2;-2;-2;-2;-2
"2024-04-27T03:48:00+00:00";null;null;null;null;null
"2024-04-27T03:49:00+00:00";-1;-1;-1;-1;0
"2024-04-27T03:50:00+00:00";-2;-2;-2;-2;-2
"2024-04-27T03:51:00+00:00";-1;-2;-2;-2;-1
"2024-04-27T03:52:00+00:00";-2;-2;-2;-2;-2
"2024-04-27T03:53:00+00:00";-1;-2;-2;-2;-1
"2024-04-27T03:54:00+00:00";-2;-2;-2;-2;-2
"2024-04-27T03:55:00+00:00";-2;-2;-2;-2;-2
"2024-04-27T03:56:00+00:00";-1;-2;-2;-2;-1
"2024-04-27T03:57:00+00:00";-1;-2;-2;-2;-1
"2024-04-27T03:58:00+00:00";null;null;null;null;null
"2024-04-27T03:59:00+00:00";-2;-2;-2;-2;-2
"2024-04-27T04:00:00+00:00";-2;-2;-2;-2;-2
"2024-04-27T04:01:00+00:00";-2;-2;-2;-2;-2
"2024-04-27T04:02:00+00:00";-2;-2;-2;-2;-2
"2024-04-27T04:03:00+00:00";-2;-2;-2;-2;-2
"2024-04-27T04:04:00+00:00";-1;-1;-2;-1;2
"2024-04-27T04:05:00+00:00";-2;-2;-2;-2;-2
"2024-04-27T04:06:00+00:00";-2;-2;-2;-2;-2
"2024-04-27T04:07:00+00:00";-2;-2;-2;-2;-2
"2024-04-27T04:08:00+00:00";null;null;null;null;null
"2024-04-27T04:09:00+00:00";-2;-2;-2;-2;-2
"2024-04-27T04:10:00+00:00";-2;-2;-2;-2;-2
"2024-04-27T04:11:00+00:00";-2;-2;-2;-2;-2
"2024-04-27T04:12:00+00:00";-2;-2;-2;-2;-2
"2024-04-27T04:13:00+00:00";-2;-2;-2;-2;-2
"2024-04-27T04:14:00+00:00";-2;-2;-2;-2;-2
"2024-04-27T04:15:00+00:00";-1;-1;-2;-1;-1
"2024-04-27T04:16:00+00:00";-2;-2;-2;-2;-2
"2024-04-27T04:17:00+00:00";-2;-2;-2;-2;-2
"2024-04-27T04:18:00+00:00";null;null;null;null;null
"2024-04-27T04:19:00+00:00";-2;-2;-2;-2;-2
"2024-04-27T04:20:00+00:00";-2;-2;-2;-2;-2
"2024-04-27T04:21:00+00:00";-2;-2;-2;-2;1
"2024-04-27T04:22:00+00:00";-2;-2;-2;-2;-2
"2024-04-27T04:23:00+00:00";-2;-2;-2;-2;-2
"2024-04-27T04:24:00+00:00";-2;-2;-2;-2;-2
"2024-04-27T04:25:00+00:00";-2;-2;-2;-2;-2
"2024-04-27T04:26:00+00:00";-2;-2;-2;-2;-2
"2024-04-27T04:27:00+00:00";null;null;null;null;null
"2024-04-27T04:28:00+00:00";-2;-2;-2;-2;-2
"2024-04-27T04:29:00+00:00";-2;-2;-2;-2;-2
"2024-04-27T04:30:00+00:00";-2;-2;-2;-2;-2
"2024-04-27T04:31:00+00:00";-2;-2;-2;-2;-2
"2024-04-27T04:32:00+00:00";-1;-2;-2;-2;-1
"2024-04-27T04:33:00+00:00";-2;-2;-2;-2;-2
"2024-04-27T04:34:00+00:00";-2;-2;-2;-2;-2
"2024-04-27T04:35:00+00:00";-2;-2;-2;-2;-2
"2024-04-27T04:36:00+00:00";-2;-2;-2;-2;-2
"2024-04-27T04:37:00+00:00";null;null;null;null;null
"2024-04-27T04:38:00+00:00";-2;-2;-2;-2;-2
"2024-04-27T04:39:00+00:00";-2;-2;-2;-2;-2
"2024-04-27T04:40:00+00:00";-2;-2;-2;-2;-2
"2024-04-27T04:41:00+00:00";-2;-2;-2;-2;-2
"2024-04-27T04:42:00+00:00";-2;-2;-2;-2;-2
"2024-04-27T04:43:00+00:00";-2;-2;-2;-2;-2
"2024-04-27T04:44:00+00:00";-2;-2;-2;-2;-2
"2024-04-27T04:45:00+00:00";-2;-2;-2;-2;-2
"2024-04-27T04:46:00+00:00";-2;-2;-2;-2;-2
"2024-04-27T04:47:00+00:00";null;null;null;null;null
"2024-04-27T04:48:00+00:00";-2;-2;-2;-2;-2
"2024-04-27T04:49:00+00:00";-2;-2;-2;-2;-2
"2024-04-27T04:50:00+00:00";-2;-2;-2;-2;-2
"2024-04-27T04:51:00+00:00";-2;-2;-2;-2;-2
"2024-04-27T04:52:00+00:00";-2;-2;-2;-2;-2
"2024-04-27T04:53:00+00:00";-2;-2;-2;-2;-2
"2024-04-27T04:54:00+00:00";-2;-2;-2;-2;-2
"2024-04-27T04:55:00+00:00";-1;-2;-2;-2;0
"2024-04-27T04:56:00+00:00";null;null;null;null;null
"2024-04-27T04:57:00+00:00";-2;-2;-2;-2;-2
"2024-04-27T04:58:00+00:00";-2;-2;-2;-2;-2
"2024-04-27T04:59:00+00:00";-2;-2;-2;-2;-2
"2024-04-27T05:00:00+00:00";-2;-2;-2;-2;-2
"2024-04-27T05:01:00+00:00";-2;-2;-2;-2;-2
"2024-04-27T05:02:00+00:00";-2;-2;-2;-2;-2
"2024-04-27T05:03:00+00:00";-2;-2;-2;-2;-2
"2024-04-27T05:04:00+00:00";-2;-2;-2;-2;-2
"2024-04-27T05:05:00+00:00";-2;-2;-2;-2;-2
"2024-04-27T05:06:00+00:00";null;null;null;null;null
"2024-04-27T05:07:00+00:00";-2;-2;-2;-2;-2
"2024-04-27T05:08:00+00:00";-2;-2;-3;-2;-2
"2024-04-27T05:09:00+00:00";-2;-2;-2;-2;-2
"2024-04-27T05:10:00+00:00";-2;-2;-3;-2;-2
"2024-04-27T05:11:00+00:00";-2;-2;-3;-2;-2
"2024-04-27T05:12:00+00:00";-2;-2;-2;-2;-2
"2024-04-27T05:13:00+00:00";-2;-3;-3;-2;-2
"2024-04-27T05:14:00+00:00";-2;-2;-3;-2;-2
"2024-04-27T05:15:00+00:00";-2;-2;-2;-2;-2
"2024-04-27T05:16:00+00:00";null;null;null;null;null
"2024-04-27T05:17:00+00:00";-3;-3;-3;-3;-3
"2024-04-27T05:18:00+00:00";-3;-3;-3;-3;-3
"2024-04-27T05:19:00+00:00";-2;-3;-3;-3;-2
"2024-04-27T05:20:00+00:00";-3;-3;-3;-3;-3
"2024-04-27T05:21:00+00:00";-3;-3;-3;-3;-3
"2024-04-27T05:22:00+00:00";-3;-3;-3;-3;-3
"2024-04-27T05:23:00+00:00";-2;-2;-3;-2;-2
"2024-04-27T05:24:00+00:00";-2;-2;-2;-2;-2
"2024-04-27T05:25:00+00:00";null;null;null;null;null
"2024-04-27T05:26:00+00:00";-3;-3;-3;-3;-3
"2024-04-27T05:27:00+00:00";-3;-3;-3;-3;-3
"2024-04-27T05:28:00+00:00";-2;-3;-3;-3;-2
"2024-04-27T05:29:00+00:00";-3;-3;-3;-3;-3
"2024-04-27T05:30:00+00:00";-2;-3;-3;-3;-2
"2024-04-27T05:31:00+00:00";-3;-3;-3;-3;-3
"2024-04-27T05:32:00+00:00";-3;-3;-3;-3;-3
"2024-04-27T05:33:00+00:00";-3;-3;-3;-3;-3
"2024-04-27T05:34:00+00:00";-3;-3;-3;-3;-3
"2024-04-27T05:35:00+00:00";null;null;null;null;null
"2024-04-27T05:36:00+00:00";-2;-3;-3;-3;-2
"2024-04-27T05:37:00+00:00";-3;-3;-3;-3;-3
"2024-04-27T05:38:00+00:00";-3;-3;-3;-3;-3
"2024-04-27T05:39:00+00:00";-3;-3;-3;-3;-3
"2024-04-27T05:40:00+00:00";-3;-3;-3;-3;-3
"2024-04-27T05:41:00+00:00";-3;-3;-3;-3;-3
"2024-04-27T05:42:00+00:00";-3;-3;-3;-3;-3
"2024-04-27T05:43:00+00:00";-3;-3;-3;-3;-3
"2024-04-27T05:44:00+00:00";null;null;null;null;null
"2024-04-27T05:45:00+00:00";-3;-3;-3;-3;-3
"2024-04-27T05:46:00+00:00";-3;-3;-3;-3;-3
"2024-04-27T05:47:00+00:00";-3;-3;-3;-3;-3
"2024-04-27T05:48:00+00:00";-3;-3;-3;-3;-3
"2024-04-27T05:49:00+00:00";-3;-3;-3;-3;-3
"2024-04-27T05:50:00+00:00";-3;-3;-3;-3;-3
"2024-04-27T05:51:00+00:00";-3;-3;-3;-3;-3
"2024-04-27T05:52:00+00:00";-3;-3;-3;-3;-3
"2024-04-27T05:53:00+00:00";-3;-3;-3;-3;-3
"2024-04-27T05:54:00+00:00";null;null;null;null;null
"2024-04-27T05:55:00+00:00";-3;-3;-3;-3;-3
"2024-04-27T05:56:00+00:00";-3;-3;-3;-3;-3
"2024-04-27T05:57:00+00:00";-3;-3;-3;-3;-3
"2024-04-27T05:58:00+00:00";-3;-3;-3;-3;-3
"2024-04-27T05:59:00+00:00";-3;-3;-3;-3;-3
"2024-04-27T06:00:00+00:00";-3;-3;-3;-3;-3
"2024-04-27T06:01:00+00:00";-3;-3;-3;-3;-3
"2024-04-27T06:02:00+00:00";-3;-3;-3;-3;-3
"2024-04-27T06:03:00+00:00";-3;-3;-3;-3;-3
"2024-04-27T06:04:00+00:00";null;null;null;null;null
"2024-04-27T06:05:00+00:00";-3;-3;-3;-3;-3
"2024-04-27T06:06:00+00:00";-3;-3;-3;-3;-3
"2024-04-27T06:07:00+00:00";-3;-3;-3;-3;-3
"2024-04-27T06:08:00+00:00";-3;-3;-3;-3;-3
"2024-04-27T06:09:00+00:00";-3;-3;-3;-3;-3
"2024-04-27T06:10:00+00:00";-3;-3;-3;-3;-3
"2024-04-27T06:11:00+00:00";-2;-3;-3;-3;-2
"2024-04-27T06:12:00+00:00";-3;-3;-3;-3;-3
"2024-04-27T06:13:00+00:00";-3;-3;-3;-3;-3
"2024-04-27T06:14:00+00:00";null;null;null;null;null
"2024-04-27T06:15:00+00:00";-2;-3;-3;-2;-2
"2024-04-27T06:16:00+00:00";0;-2;-2;-2;0
"2024-04-27T06:17:00+00:00";-2;-3;-3;-3;-2
"2024-04-27T06:18:00+00:00";0;-2;-2;-1;0
"2024-04-27T06:19:00+00:00";3;-1;-2;-1;3
"2024-04-27T06:20:00+00:00";2;-1;-1;0;2
"2024-04-27T06:21:00+00:00";1;-1;-2;-1;3
"2024-04-27T06:22:00+00:00";2;-1;-2;-1;2
"2024-04-27T06:23:00+00:00";null;null;null;null;null
"2024-04-27T06:24:00+00:00";0;-1;-1;-1;0
"2024-04-27T06:25:00+00:00";0;-2;-2;-2;0
"2024-04-27T06:26:00+00:00";-1;-2;-2;-2;-1
"2024-04-27T06:27:00+00:00";1;-1;-1;-1;1
"2024-04-27T06:28:00+00:00";0;-1;-1;-1;0
"2024-04-27T06:29:00+00:00";0;-2;-2;-1;0
"2024-04-27T06:30:00+00:00";-1;-2;-2;-1;-1
"2024-04-27T06:31:00+00:00";-1;-2;-2;-2;-1
"2024-04-27T06:32:00+00:00";-1;-2;-2;-1;-1
"2024-04-27T06:33:00+00:00";null;null;null;null;null
"2024-04-27T06:34:00+00:00";-1;-2;-2;-2;-1
"2024-04-27T06:35:00+00:00";-1;-2;-2;-1;-1
"2024-04-27T06:36:00+00:00";-1;-2;-2;-2;-1
"2024-04-27T06:37:00+00:00";0;-1;-2;-1;0
"2024-04-27T06:38:00+00:00";0;-2;-2;-1;0
"2024-04-27T06:39:00+00:00";-1;-2;-2;-1;-1
"2024-04-27T06:40:00+00:00";-1;-2;-2;-1;-1
"2024-04-27T06:41:00+00:00";0;-2;-2;-1;0
"2024-04-27T06:42:00+00:00";-1;-2;-2;-1;-1
"2024-04-27T06:43:00+00:00";null;null;null;null;null
"2024-04-27T06:44:00+00:00";0;-1;-2;-1;0
"2024-04-27T06:45:00+00:00";-1;-2;-2;-2;-1
"2024-04-27T06:46:00+00:00";-1;-2;-2;-1;-1
"2024-04-27T06:47:00+00:00";-1;-2;-2;-1;-1
"2024-04-27T06:48:00+00:00";-1;-2;-2;-1;-1
"2024-04-27T06:49:00+00:00";1;-1;-1;-1;1
"2024-04-27T06:50:00+00:00";0;-2;-2;-1;0
"2024-04-27T06:51:00+00:00";0;-1;-2;-1;0
"2024-04-27T06:52:00+00:00";null;null;null;null;null
"2024-04-27T06:53:00+00:00";-1;-2;-2;-1;-1
"2024-04-27T06:54:00+00:00";-1;-2;-2;-1;-1
"2024-04-27T06:55:00+00:00";0;-1;-2;-1;0
"2024-04-27T06:56:00+00:00";0;-2;-2;-1;0
"2024-04-27T06:57:00+00:00";0;-2;-2;-1;0
"2024-04-27T06:58:00+00:00";0;-1;-2;-1;1
"2024-04-27T06:59:00+00:00";-1;-2;-2;-2;-1
"2024-04-27T07:00:00+00:00";-1;-2;-2;-1;-1
"2024-04-27T07:01:00+00:00";2;0;0;0;11
"2024-04-27T07:02:00+00:00";null;null;null;null;null
"2024-04-27T07:03:00+00:00";-1;-2;-2;-1;-1
"2024-04-27T07:04:00+00:00";-1;-1;-1;-1;-1
"2024-04-27T07:05:00+00:00";1;0;-1;0;1
"2024-04-27T07:06:00+00:00";-2;-2;-2;-2;-2
"2024-04-27T07:07:00+00:00";-1;-1;-1;-1;-1
"2024-04-27T07:08:00+00:00";-1;-1;-1;-1;-1
"2024-04-27T07:09:00+00:00";-1;-1;-1;-1;-1
"2024-04-27T07:10:00+00:00";-1;-1;-1;-1;-1
"2024-04-27T07:11:00+00:00";-1;-1;-1;-1;-1
"2024-04-27T07:12:00+00:00";null;null;null;null;null
"2024-04-27T07:13:00+00:00";-1;-1;-1;-1;-1
"2024-04-27T07:14:00+00:00";-1;-1;-1;-1;-1
"2024-04-27T07:15:00+00:00";0;-1;-1;-1;0
"2024-04-27T07:16:00+00:00";22;18;18;19;35
"2024-04-27T07:17:00+00:00";-1;-1;-1;-1;-1
"2024-04-27T07:18:00+00:00";0;-1;-1;0;0
"2024-04-27T07:19:00+00:00";-1;-1;-1;-1;-1
"2024-04-27T07:20:00+00:00";7;0;0;1;23
"2024-04-27T07:21:00+00:00";null;null;null;null;null
"2024-04-27T07:22:00+00:00";0;-1;-1;0;0
"2024-04-27T07:23:00+00:00";0;0;-1;0;0
"2024-04-27T07:24:00+00:00";0;-1;-1;0;0
"2024-04-27T07:25:00+00:00";1;0;-1;0;1
"2024-04-27T07:26:00+00:00";0;0;0;0;0
"2024-04-27T07:27:00+00:00";1;0;0;0;1
"2024-04-27T07:28:00+00:00";0;-1;-1;0;0
"2024-04-27T07:29:00+00:00";7;0;0;0;31
"2024-04-27T07:30:00+00:00";0;0;0;0;0
"2024-04-27T07:31:00+00:00";null;null;null;null;null
"2024-04-27T07:32:00+00:00";0;0;0;0;0
"2024-04-27T07:33:00+00:00";0;0;0;0;0
"2024-04-27T07:34:00+00:00";0;0;0;0;0
"2024-04-27T07:35:00+00:00";0;0;0;0;0
"2024-04-27T07:36:00+00:00";0;0;0;0;0
"2024-04-27T07:37:00+00:00";0;0;0;0;0
"2024-04-27T07:38:00+00:00";1;0;0;0;1
"2024-04-27T07:39:00+00:00";0;0;0;0;0
"2024-04-27T07:40:00+00:00";0;0;0;0;0
"2024-04-27T07:41:00+00:00";null;null;null;null;null
"2024-04-27T07:42:00+00:00";0;0;0;0;0
"2024-04-27T07:43:00+00:00";0;0;0;0;0
"2024-04-27T07:44:00+00:00";2;1;1;1;6
"2024-04-27T07:45:00+00:00";0;0;0;0;0
"2024-04-27T07:46:00+00:00";0;0;0;0;2
"2024-04-27T07:47:00+00:00";1;0;0;0;5
"2024-04-27T07:48:00+00:00";0;0;0;0;0
"2024-04-27T07:49:00+00:00";0;0;0;0;0
"2024-04-27T07:50:00+00:00";null;null;null;null;null
"2024-04-27T07:51:00+00:00";0;0;0;0;0
"2024-04-27T07:52:00+00:00";0;0;0;0;0
"2024-04-27T07:53:00+00:00";0;0;0;0;0
"2024-04-27T07:54:00+00:00";6;2;2;2;20
"2024-04-27T07:55:00+00:00";0;0;0;0;0
"2024-04-27T07:56:00+00:00";1;0;0;0;1
"2024-04-27T07:57:00+00:00";0;0;0;0;0
"2024-04-27T07:58:00+00:00";0;0;0;0;0
"2024-04-27T07:59:00+00:00";0;0;0;0;0
"2024-04-27T08:00:00+00:00";null;null;null;null;null
"2024-04-27T08:01:00+00:00";0;0;0;0;0
"2024-04-27T08:02:00+00:00";0;0;0;0;0
"2024-04-27T08:03:00+00:00";null;null;null;null;null
"2024-04-27T08:04:00+00:00";null;null;null;null;null
"2024-04-27T08:05:00+00:00";null;null;null;null;null
"2024-04-27T08:06:00+00:00";0;0;0;0;0
"2024-04-27T08:07:00+00:00";null;null;null;null;null
"2024-04-27T08:08:00+00:00";null;null;null;null;null
"2024-04-27T08:09:00+00:00";0;0;0;0;0
"2024-04-27T08:10:00+00:00";0;0;0;0;0
"2024-04-27T08:11:00+00:00";0;0;0;0;0
"2024-04-27T08:12:00+00:00";0;0;0;0;0
"2024-04-27T08:13:00+00:00";0;0;0;0;0
"2024-04-27T08:14:00+00:00";0;0;0;0;0
"2024-04-27T08:15:00+00:00";0;0;0;0;0
"2024-04-27T08:16:00+00:00";0;0;0;0;0
"2024-04-27T08:17:00+00:00";null;null;null;null;null
"2024-04-27T08:18:00+00:00";1;0;0;0;2
"2024-04-27T08:19:00+00:00";0;0;0;0;0
"2024-04-27T08:20:00+00:00";0;0;0;0;0
"2024-04-27T08:21:00+00:00";0;0;0;0;0
"2024-04-27T08:22:00+00:00";1;0;0;0;1
"2024-04-27T08:23:00+00:00";0;0;0;0;0
"2024-04-27T08:24:00+00:00";0;0;0;0;0
"2024-04-27T08:25:00+00:00";3;1;1;1;9
"2024-04-27T08:26:00+00:00";null;null;null;null;null
"2024-04-27T08:27:00+00:00";0;0;0;0;0
"2024-04-27T08:28:00+00:00";1;1;0;1;1
"2024-04-27T08:29:00+00:00";1;0;0;0;1
"2024-04-27T08:30:00+00:00";1;0;0;0;1
"2024-04-27T08:31:00+00:00";0;0;0;0;0
"2024-04-27T08:32:00+00:00";0;0;0;0;0
"2024-04-27T08:33:00+00:00";0;0;0;0;0
"2024-04-27T08:34:00+00:00";1;1;1;1;6
"2024-04-27T08:35:00+00:00";1;0;0;1;1
"2024-04-27T08:36:00+00:00";null;null;null;null;null
"2024-04-27T08:37:00+00:00";0;0;0;0;0
"2024-04-27T08:38:00+00:00";1;0;0;1;1
"2024-04-27T08:39:00+00:00";1;0;0;1;1
"2024-04-27T08:40:00+00:00";2;1;0;1;2
"2024-04-27T08:41:00+00:00";1;1;1;1;1
"2024-04-27T08:42:00+00:00";1;1;1;1;1
"2024-04-27T08:43:00+00:00";1;1;1;1;1
"2024-04-27T08:44:00+00:00";1;1;1;1;1
"2024-04-27T08:45:00+00:00";null;null;null;null;null
"2024-04-27T08:46:00+00:00";2;1;1;1;2
"2024-04-27T08:47:00+00:00";2;1;1;1;2
"2024-04-27T08:48:00+00:00";1;1;1;1;1
"2024-04-27T08:49:00+00:00";null;null;null;null;null
"2024-04-27T08:50:00+00:00";2;1;1;1;2
"2024-04-27T08:51:00+00:00";1;1;1;1;1
"2024-04-27T08:52:00+00:00";1;1;1;1;1
"2024-04-27T08:53:00+00:00";null;null;null;null;null
"2024-04-27T08:54:00+00:00";null;null;null;null;null
"2024-04-27T08:55:00+00:00";1;1;1;1;1
"2024-04-27T08:56:00+00:00";9;4;4;4;39
"2024-04-27T08:57:00+00:00";1;1;1;1;1
"2024-04-27T08:58:00+00:00";1;1;1;1;1
"2024-04-27T08:59:00+00:00";2;2;2;2;2
"2024-04-27T09:00:00+00:00";3;2;2;2;3
"2024-04-27T09:01:00+00:00";2;2;1;2;2
"2024-04-27T09:02:00+00:00";2;2;2;2;2
"2024-04-27T09:03:00+00:00";null;null;null;null;null
"2024-04-27T09:04:00+00:00";2;2;2;2;2
"2024-04-27T09:05:00+00:00";2;2;1;2;2
"2024-04-27T09:06:00+00:00";2;2;2;2;2
"2024-04-27T09:07:00+00:00";3;2;2;2;3
"2024-04-27T09:08:00+00:00";3;2;2;2;3
"2024-04-27T09:09:00+00:00";2;2;2;2;2
"2024-04-27T09:10:00+00:00";3;2;2;2;3
"2024-04-27T09:11:00+00:00";3;2;2;2;3
"2024-04-27T09:12:00+00:00";5;4;3;4;5
"2024-04-27T09:13:00+00:00";null;null;null;null;null
"2024-04-27T09:14:00+00:00";4;3;2;3;4
"2024-04-27T09:15:00+00:00";3;2;2;3;3
"2024-04-27T09:16:00+00:00";12;5;4;5;28
"2024-04-27T09:17:00+00:00";3;3;2;3;3
"2024-04-27T09:18:00+00:00";4;3;3;4;4
"2024-04-27T09:19:00+00:00";3;3;2;3;3
"2024-04-27T09:20:00+00:00";4;3;3;4;4
"2024-04-27T09:21:00+00:00";5;3;3;3;5
"2024-04-27T09:22:00+00:00";null;null;null;null;null
"2024-04-27T09:23:00+00:00";3;3;2;3;3
"2024-04-27T09:24:00+00:00";3;3;2;3;3
"2024-04-27T09:25:00+00:00";3;2;2;3;3
"2024-04-27T09:26:00+00:00";3;3;2;3;3
"2024-04-27T09:27:00+00:00";4;3;2;3;4
"2024-04-27T09:28:00+00:00";4;3;3;4;4
"2024-04-27T09:29:00+00:00";3;3;3;3;3
"2024-04-27T09:30:00+00:00";3;2;2;3;3
"2024-04-27T09:31:00+00:00";4;3;3;4;4
"2024-04-27T09:32:00+00:00";null;null;null;null;null
"2024-04-27T09:33:00+00:00";3;3;2;3;3
"2024-04-27T09:34:00+00:00";4;3;2;3;4
"2024-04-27T09:35:00+00:00";10;6;5;6;23
"2024-04-27T09:36:00+00:00";5;3;3;4;8
"2024-04-27T09:37:00+00:00";null;null;null;null;null
"2024-04-27T09:38:00+00:00";null;null;null;null;null
"2024-04-27T09:39:00+00:00";4;4;3;4;4
"2024-04-27T09:40:00+00:00";null;null;null;null;null
"2024-04-27T09:41:00+00:00";null;null;null;null;null
"2024-04-27T09:42:00+00:00";null;null;null;null;null
"2024-04-27T09:43:00+00:00";null;null;null;null;null
"2024-04-27T09:44:00+00:00";5;4;3;5;5
"2024-04-27T09:45:00+00:00";21;18;17;19;38
"2024-04-27T09:46:00+00:00";5;4;4;5;5
"2024-04-27T09:47:00+00:00";4;4;3;4;4
"2024-04-27T09:48:00+00:00";null;null;null;null;null
"2024-04-27T09:49:00+00:00";4;4;3;4;4
"2024-04-27T09:50:00+00:00";4;3;3;4;4
"2024-04-27T09:51:00+00:00";4;3;3;3;4
"2024-04-27T09:52:00+00:00";3;3;3;3;3
"2024-04-27T09:53:00+00:00";4;3;3;4;4
"2024-04-27T09:54:00+00:00";3;3;3;3;3
"2024-04-27T09:55:00+00:00";3;3;3;3;3
"2024-04-27T09:56:00+00:00";3;3;3;3;3
"2024-04-27T09:57:00+00:00";5;4;3;4;5
"2024-04-27T09:58:00+00:00";null;null;null;null;null
"2024-04-27T09:59:00+00:00";4;3;3;4;4
"2024-04-27T10:00:00+00:00";4;4;3;4;6
"2024-04-27T10:01:00+00:00";4;3;3;4;4
"2024-04-27T10:02:00+00:00";3;3;2;3;3
"2024-04-27T10:03:00+00:00";3;3;3;3;3
"2024-04-27T10:04:00+00:00";3;3;3;3;3
"2024-04-27T10:05:00+00:00";3;3;3;3;3
"2024-04-27T10:06:00+00:00";4;3;3;4;4
"2024-04-27T10:07:00+00:00";4;3;3;4;4
"2024-04-27T10:08:00+00:00";null;null;null;null;null
"2024-04-27T10:09:00+00:00";9;5;5;6;14
"2024-04-27T10:10:00+00:00";7;6;5;6;10
"2024-04-27T10:11:00+00:00";5;4;4;5;5
"2024-04-27T10:12:00+00:00";4;4;3;4;4
"2024-04-27T10:13:00+00:00";4;4;3;4;4
"2024-04-27T10:14:00+00:00";5;4;3;4;5
"2024-04-27T10:15:00+00:00";4;4;3;4;4
"2024-04-27T10:16:00+00:00";5;4;4;4;5
"2024-04-27T10:17:00+00:00";null;null;null;null;null
"2024-04-27T10:18:00+00:00";5;4;3;4;5
"2024-04-27T10:19:00+00:00";6;4;4;5;6
"2024-04-27T10:20:00+00:00";4;4;3;4;4
"2024-04-27T10:21:00+00:00";4;4;3;4;4
"2024-04-27T10:22:00+00:00";4;3;3;4;4
"2024-04-27T10:23:00+00:00";4;3;3;4;4
"2024-04-27T10:24:00+00:00";4;3;3;3;4
"2024-04-27T10:25:00+00:00";4;3;3;4;4
"2024-04-27T10:26:00+00:00";4;3;3;4;4
"2024-04-27T10:27:00+00:00";null;null;null;null;null
"2024-04-27T10:28:00+00:00";3;3;3;3;3
"2024-04-27T10:29:00+00:00";4;4;3;4;4
"2024-04-27T10:30:00+00:00";5;4;3;4;5
"2024-04-27T10:31:00+00:00";4;3;3;4;4
"2024-04-27T10:32:00+00:00";6;4;4;5;12
"2024-04-27T10:33:00+00:00";5;4;3;4;5
"2024-04-27T10:34:00+00:00";10;5;5;6;33
"2024-04-27T10:35:00+00:00";4;4;3;4;4
"2024-04-27T10:36:00+00:00";5;4;3;4;5
"2024-04-27T10:37:00+00:00";null;null;null;null;null
"2024-04-27T10:38:00+00:00";4;4;3;4;6
"2024-04-27T10:39:00+00:00";4;4;3;4;4
"2024-04-27T10:40:00+00:00";7;4;4;5;9
"2024-04-27T10:41:00+00:00";4;4;3;4;4
"2024-04-27T10:42:00+00:00";4;3;3;4;4
"2024-04-27T10:43:00+00:00";4;3;3;4;4
"2024-04-27T10:44:00+00:00";4;3;3;4;4
"2024-04-27T10:45:00+00:00";4;3;3;4;4
"2024-04-27T10:46:00+00:00";null;null;null;null;null
"2024-04-27T10:47:00+00:00";null;null;null;null;null
"2024-04-27T10:48:00+00:00";null;null;null;null;null
"2024-04-27T10:49:00+00:00";null;null;null;null;null
"2024-04-27T10:50:00+00:00";null;null;null;null;null
"2024-04-27T10:51:00+00:00";null;null;null;null;null
"2024-04-27T10:52:00+00:00";null;null;null;null;null
"2024-04-27T10:53:00+00:00";null;null;null;null;null
"2024-04-27T10:54:00+00:00";null;null;null;null;null
"2024-04-27T10:55:00+00:00";null;null;null;null;null
"2024-04-27T10:56:00+00:00";null;null;null;null;null
"2024-04-27T10:57:00+00:00";null;null;null;null;null
"2024-04-27T10:58:00+00:00";null;null;null;null;null
"2024-04-27T10:59:00+00:00";null;null;null;null;null
"2024-04-27T11:00:00+00:00";null;null;null;null;null
"2024-04-27T11:01:00+00:00";null;null;null;null;null
"2024-04-27T11:02:00+00:00";null;null;null;null;null
"2024-04-27T11:03:00+00:00";null;null;null;null;null
"2024-04-27T11:04:00+00:00";4;3;3;4;4
"2024-04-27T11:05:00+00:00";5;3;3;3;5
"2024-04-27T11:06:00+00:00";7;4;4;5;24
"2024-04-27T11:07:00+00:00";3;3;3;3;3
"2024-04-27T11:08:00+00:00";6;4;3;4;6
"2024-04-27T11:09:00+00:00";5;4;3;4;5
"2024-04-27T11:10:00+00:00";5;4;3;4;5
"2024-04-27T11:11:00+00:00";null;null;null;null;null
"2024-04-27T11:12:00+00:00";7;5;4;6;20
"2024-04-27T11:13:00+00:00";5;4;3;4;5
"2024-04-27T11:14:00+00:00";5;4;3;5;5
"2024-04-27T11:15:00+00:00";5;4;3;5;5
"2024-04-27T11:16:00+00:00";7;4;4;5;7
"2024-04-27T11:17:00+00:00";7;4;4;5;7
"2024-04-27T11:18:00+00:00";8;5;4;6;12
"2024-04-27T11:19:00+00:00";8;5;4;6;12
"2024-04-27T11:20:00+00:00";null;null;null;null;null
"2024-04-27T11:21:00+00:00";4;3;3;4;4
"2024-04-27T11:22:00+00:00";5;4;3;4;5
"2024-04-27T11:23:00+00:00";19;14;13;15;38
"2024-04-27T11:24:00+00:00";5;4;3;5;5
"2024-04-27T11:25:00+00:00";5;4;3;4;5
"2024-04-27T11:26:00+00:00";4;3;3;3;4
"2024-04-27T11:27:00+00:00";4;3;3;4;4
"2024-04-27T11:28:00+00:00";10;6;5;7;39
"2024-04-27T11:29:00+00:00";13;6;6;7;41
"2024-04-27T11:30:00+00:00";null;null;null;null;null
"2024-04-27T11:31:00+00:00";8;6;5;7;11
"2024-04-27T11:32:00+00:00";8;6;5;7;8
"2024-04-27T11:33:00+00:00";9;7;6;8;20
"2024-04-27T11:34:00+00:00";17;9;8;10;39
"2024-04-27T11:35:00+00:00";9;6;5;7;9
"2024-04-27T11:36:00+00:00";7;5;4;6;7
"2024-04-27T11:37:00+00:00";6;5;4;5;6
"2024-04-27T11:38:00+00:00";7;4;4;5;7
"2024-04-27T11:39:00+00:00";6;4;3;4;6
"2024-04-27T11:40:00+00:00";null;null;null;null;null
"2024-04-27T11:41:00+00:00";7;5;4;6;7
"2024-04-27T11:42:00+00:00";7;5;5;6;7
"2024-04-27T11:43:00+00:00";6;4;3;5;6
"2024-04-27T11:44:00+00:00";6;4;4;5;6
"2024-04-27T11:45:00+00:00";3;3;3;3;3
"2024-04-27T11:46:00+00:00";7;4;4;5;7
"2024-04-27T11:47:00+00:00";4;4;3;4;4
"2024-04-27T11:48:00+00:00";7;5;4;6;7
"2024-04-27T11:49:00+00:00";null;null;null;null;null
"2024-04-27T11:50:00+00:00";6;5;4;5;6
"2024-04-27T11:51:00+00:00";14;7;6;8;64
"2024-04-27T11:52:00+00:00";5;4;3;4;5
"2024-04-27T11:53:00+00:00";6;4;4;5;6
"2024-04-27T11:54:00+00:00";5;4;3;4;5
"2024-04-27T11:55:00+00:00";4;3;3;4;4
"2024-04-27T11:56:00+00:00";4;4;3;4;4
"2024-04-27T11:57:00+00:00";17;7;6;8;38
"2024-04-27T11:58:00+00:00";5;3;3;4;5
"2024-04-27T11:59:00+00:00";null;null;null;null;null
"2024-04-27T12:00:00+00:00";3;3;3;3;3
"2024-04-27T12:01:00+00:00";4;4;3;4;4
"2024-04-27T12:02:00+00:00";5;4;3;4;5
"2024-04-27T12:03:00+00:00";6;5;4;5;6
"2024-04-27T12:04:00+00:00";4;3;3;4;6
"2024-04-27T12:05:00+00:00";4;3;3;3;4
"2024-04-27T12:06:00+00:00";3;3;3;3;3
"2024-04-27T12:07:00+00:00";3;3;3;3;3
"2024-04-27T12:08:00+00:00";8;6;5;7;8
"2024-04-27T12:09:00+00:00";null;null;null;null;null
"2024-04-27T12:10:00+00:00";5;4;4;5;11
"2024-04-27T12:11:00+00:00";4;4;3;4;4
"2024-04-27T12:12:00+00:00";8;5;4;7;8
"2024-04-27T12:13:00+00:00";4;4;3;4;4
"2024-04-27T12:14:00+00:00";4;4;3;4;4
"2024-04-27T12:15:00+00:00";4;3;3;4;4
"2024-04-27T12:16:00+00:00";8;4;4;5;9
"2024-04-27T12:17:00+00:00";9;6;5;7;11
"2024-04-27T12:18:00+00:00";7;5;5;6;12
"2024-04-27T12:19:00+00:00";null;null;null;null;null
"2024-04-27T12:20:00+00:00";5;4;4;4;6
"2024-04-27T12:21:00+00:00";6;4;3;4;6
"2024-04-27T12:22:00+00:00";4;3;3;4;4
"2024-04-27T12:23:00+00:00";5;4;3;5;5
"2024-04-27T12:24:00+00:00";6;4;4;5;9
"2024-04-27T12:25:00+00:00";7;5;4;5;7
"2024-04-27T12:26:00+00:00";3;3;2;3;4
"2024-04-27T12:27:00+00:00";3;3;3;3;3
"2024-04-27T12:28:00+00:00";null;null;null;null;null
"2024-04-27T12:29:00+00:00";3;3;3;3;3
"2024-04-27T12:30:00+00:00";4;3;3;4;4
"2024-04-27T12:31:00+00:00";4;4;3;4;4
"2024-04-27T12:32:00+00:00";11;8;6;10;11
"2024-04-27T12:33:00+00:00";15;11;8;14;15
"2024-04-27T12:34:00+00:00";17;12;9;15;17
"2024-04-27T12:35:00+00:00";15;10;7;11;15
"2024-04-27T12:36:00+00:00";17;12;9;15;17
"2024-04-27T12:37:00+00:00";16;12;8;15;16
"2024-04-27T12:38:00+00:00";null;null;null;null;null
"2024-04-27T12:39:00+00:00";19;14;10;18;19
"2024-04-27T12:40:00+00:00";7;6;5;7;7
"2024-04-27T12:41:00+00:00";11;9;7;10;11
"2024-04-27T12:42:00+00:00";8;7;5;8;8
"2024-04-27T12:43:00+00:00";10;8;6;9;10
"2024-04-27T12:44:00+00:00";22;15;11;18;22
"2024-04-27T12:45:00+00:00";17;12;9;15;17
"2024-04-27T12:46:00+00:00";19;14;9;17;19
"2024-04-27T12:47:00+00:00";23;15;10;19;23
"2024-04-27T12:48:00+00:00";null;null;null;null;null
"2024-04-27T12:49:00+00:00";14;10;7;12;14
"2024-04-27T12:50:00+00:00";15;10;8;13;15
"2024-04-27T12:51:00+00:00";15;11;8;13;15
"2024-04-27T12:52:00+00:00";14;10;7;13;14
"2024-04-27T12:53:00+00:00";13;9;7;11;13
"2024-04-27T12:54:00+00:00";10;7;5;9;10
"2024-04-27T12:55:00+00:00";11;7;6;9;11
"2024-04-27T12:56:00+00:00";12;8;7;10;12
"2024-04-27T12:57:00+00:00";11;7;6;9;11
"2024-04-27T12:58:00+00:00";null;null;null;null;null
"2024-04-27T12:59:00+00:00";13;9;7;11;15
"2024-04-27T13:00:00+00:00";32;20;14;26;32
"2024-04-27T13:01:00+00:00";24;16;11;21;24
"2024-04-27T13:02:00+00:00";24;17;11;21;24
"2024-04-27T13:03:00+00:00";24;16;11;21;24
"2024-04-27T13:04:00+00:00";35;23;15;30;35
"2024-04-27T13:05:00+00:00";36;24;16;32;36
"2024-04-27T13:06:00+00:00";31;19;13;26;31
"2024-04-27T13:07:00+00:00";null;null;null;null;null
"2024-04-27T13:08:00+00:00";21;15;11;20;21
"2024-04-27T13:09:00+00:00";25;17;13;21;26
"2024-04-27T13:10:00+00:00";19;14;10;18;19
"2024-04-27T13:11:00+00:00";15;10;7;13;15
"2024-04-27T13:12:00+00:00";11;8;6;10;11
"2024-04-27T13:13:00+00:00";7;5;4;6;7
"2024-04-27T13:14:00+00:00";6;4;4;5;6
"2024-04-27T13:15:00+00:00";5;4;4;5;5
"2024-04-27T13:16:00+00:00";7;5;5;6;7
"2024-04-27T13:17:00+00:00";null;null;null;null;null
"2024-04-27T13:18:00+00:00";6;5;4;5;6
"2024-04-27T13:19:00+00:00";7;5;5;6;7
"2024-04-27T13:20:00+00:00";5;4;4;5;5
"2024-04-27T13:21:00+00:00";5;4;3;4;5
"2024-04-27T13:22:00+00:00";6;5;4;5;6
"2024-04-27T13:23:00+00:00";5;4;4;5;5
"2024-04-27T13:24:00+00:00";5;4;4;5;5
"2024-04-27T13:25:00+00:00";6;5;4;5;6
"2024-04-27T13:26:00+00:00";5;4;4;5;5
"2024-04-27T13:27:00+00:00";null;null;null;null;null
"2024-04-27T13:28:00+00:00";4;4;3;4;4
"2024-04-27T13:29:00+00:00";4;4;3;4;4
"2024-04-27T13:30:00+00:00";4;4;3;4;4
"2024-04-27T13:31:00+00:00";4;3;3;4;4
"2024-04-27T13:32:00+00:00";4;4;3;4;4
"2024-04-27T13:33:00+00:00";4;4;3;4;4
"2024-04-27T13:34:00+00:00";5;4;4;5;5
"2024-04-27T13:35:00+00:00";5;4;3;4;5
"2024-04-27T13:36:00+00:00";null;null;null;null;null
"2024-04-27T13:37:00+00:00";4;4;3;4;4
"2024-04-27T13:38:00+00:00";4;4;3;4;4
"2024-04-27T13:39:00+00:00";5;4;4;4;10
"2024-04-27T13:40:00+00:00";4;4;3;4;4
"2024-04-27T13:41:00+00:00";5;4;4;5;5
"2024-04-27T13:42:00+00:00";5;4;3;4;5
"2024-04-27T13:43:00+00:00";4;4;3;4;4
"2024-04-27T13:44:00+00:00";5;4;4;5;5
"2024-04-27T13:45:00+00:00";5;4;3;4;5
"2024-04-27T13:46:00+00:00";null;null;null;null;null
"2024-04-27T13:47:00+00:00";5;4;3;4;5
"2024-04-27T13:48:00+00:00";4;4;3;4;4
"2024-04-27T13:49:00+00:00";4;4;3;4;4
"2024-04-27T13:50:00+00:00";4;4;3;4;4
"2024-04-27T13:51:00+00:00";5;4;4;5;5
"2024-04-27T13:52:00+00:00";5;4;4;5;5
"2024-04-27T13:53:00+00:00";6;4;4;5;6
"2024-04-27T13:54:00+00:00";7;5;4;6;7
"2024-04-27T13:55:00+00:00";6;4;4;5;6
"2024-04-27T13:56:00+00:00";null;null;null;null;null
"2024-04-27T13:57:00+00:00";7;5;4;6;7
"2024-04-27T13:58:00+00:00";10;6;5;8;10
"2024-04-27T13:59:00+00:00";10;7;5;9;10
"2024-04-27T14:00:00+00:00";8;6;5;7;8
"2024-04-27T14:01:00+00:00";10;7;5;8;10
"2024-04-27T14:02:00+00:00";12;8;6;11;12
"2024-04-27T14:03:00+00:00";17;10;8;13;19
"2024-04-27T14:04:00+00:00";11;8;6;9;11
"2024-04-27T14:05:00+00:00";null;null;null;null;null
"2024-04-27T14:06:00+00:00";14;9;7;12;14
"2024-04-27T14:07:00+00:00";17;10;8;13;17
"2024-04-27T14:08:00+00:00";22;11;8;14;57
"2024-04-27T14:09:00+00:00";17;10;8;13;17
"2024-04-27T14:10:00+00:00";16;10;8;13;16
"2024-04-27T14:11:00+00:00";17;11;8;14;17
"2024-04-27T14:12:00+00:00";25;14;10;19;25
"2024-04-27T14:13:00+00:00";22;12;9;16;22
"2024-04-27T14:14:00+00:00";18;11;8;15;18
"2024-04-27T14:15:00+00:00";null;null;null;null;null
"2024-04-27T14:16:00+00:00";21;12;9;17;21
"2024-04-27T14:17:00+00:00";26;14;10;19;26
"2024-04-27T14:18:00+00:00";25;13;10;17;25
"2024-04-27T14:19:00+00:00";22;13;10;17;22
"2024-04-27T14:20:00+00:00";19;11;9;16;19
"2024-04-27T14:21:00+00:00";23;13;10;18;23
"2024-04-27T14:22:00+00:00";23;14;10;18;23
"2024-04-27T14:23:00+00:00";23;12;10;16;24
"2024-04-27T14:24:00+00:00";17;10;8;14;17
"2024-04-27T14:25:00+00:00";null;null;null;null;null
"2024-04-27T14:26:00+00:00";21;11;9;16;21
"2024-04-27T14:27:00+00:00";20;12;9;16;20
"2024-04-27T14:28:00+00:00";19;11;9;15;19
"2024-04-27T14:29:00+00:00";25;14;11;19;25
"2024-04-27T14:30:00+00:00";27;15;12;20;27
"2024-04-27T14:31:00+00:00";16;10;8;13;16
"2024-04-27T14:32:00+00:00";24;13;10;16;32
"2024-04-27T14:33:00+00:00";19;11;9;15;19
"2024-04-27T14:34:00+00:00";null;null;null;null;null
"2024-04-27T14:35:00+00:00";20;11;8;14;20
"2024-04-27T14:36:00+00:00";20;12;9;16;20
"2024-04-27T14:37:00+00:00";22;13;10;16;22
"2024-04-27T14:38:00+00:00";18;11;8;14;18
"2024-04-27T14:39:00+00:00";27;15;12;19;30
"2024-04-27T14:40:00+00:00";15;10;7;13;15
"2024-04-27T14:41:00+00:00";24;12;10;18;24
"2024-04-27T14:42:00+00:00";22;12;9;16;22
"2024-04-27T14:43:00+00:00";14;8;6;11;14
"2024-04-27T14:44:00+00:00";null;null;null;null;null
"2024-04-27T14:45:00+00:00";16;9;7;12;16
"2024-04-27T14:46:00+00:00";14;8;7;10;16
"2024-04-27T14:47:00+00:00";11;8;6;10;11
"2024-04-27T14:48:00+00:00";7;5;4;6;7
"2024-04-27T14:49:00+00:00";7;5;4;6;7
"2024-04-27T14:50:00+00:00";7;5;4;6;7
"2024-04-27T14:51:00+00:00";6;4;4;5;6
"2024-04-27T14:52:00+00:00";7;5;4;6;7
"2024-04-27T14:53:00+00:00";5;4;4;4;5
"2024-04-27T14:54:00+00:00";null;null;null;null;null
"2024-04-27T14:55:00+00:00";6;4;4;5;6
"2024-04-27T14:56:00+00:00";73;49;33;64;73
"2024-04-27T14:57:00+00:00";103;67;45;87;103
"2024-04-27T14:58:00+00:00";85;56;38;72;99
"2024-04-27T14:59:00+00:00";58;38;26;49;58
"2024-04-27T15:00:00+00:00";33;24;16;30;33
"2024-04-27T15:01:00+00:00";46;32;21;41;46
"2024-04-27T15:02:00+00:00";50;34;23;44;50
"2024-04-27T15:03:00+00:00";null;null;null;null;null
"2024-04-27T15:04:00+00:00";38;27;18;34;38
"2024-04-27T15:05:00+00:00";29;21;15;26;29
"2024-04-27T15:06:00+00:00";39;28;19;34;39
"2024-04-27T15:07:00+00:00";50;34;22;43;50
"2024-04-27T15:08:00+00:00";26;18;13;23;26
"2024-04-27T15:09:00+00:00";19;15;11;19;19
"2024-04-27T15:10:00+00:00";17;13;10;15;17
"2024-04-27T15:11:00+00:00";21;15;11;18;21
"2024-04-27T15:12:00+00:00";21;16;12;20;21
"2024-04-27T15:13:00+00:00";null;null;null;null;null
"2024-04-27T15:14:00+00:00";20;15;11;19;20
"2024-04-27T15:15:00+00:00";15;12;9;14;15
"2024-04-27T15:16:00+00:00";18;14;10;17;18
"2024-04-27T15:17:00+00:00";17;14;10;16;17
"2024-04-27T15:18:00+00:00";17;13;9;16;17
"2024-04-27T15:19:00+00:00";19;14;10;16;19
"2024-04-27T15:20:00+00:00";16;12;9;14;16
"2024-04-27T15:21:00+00:00";15;11;8;13;15
"2024-04-27T15:22:00+00:00";14;11;8;13;14
"2024-04-27T15:23:00+00:00";null;null;null;null;null
"2024-04-27T15:24:00+00:00";10;8;6;10;10
"2024-04-27T15:25:00+00:00";13;10;8;12;25
"2024-04-27T15:26:00+00:00";11;9;7;10;11
"2024-04-27T15:27:00+00:00";11;9;7;11;11
"2024-04-27T15:28:00+00:00";10;9;7;10;10
"2024-04-27T15:29:00+00:00";12;10;7;11;12
"2024-04-27T15:30:00+00:00";11;9;8;11;11
"2024-04-27T15:31:00+00:00";11;9;7;10;11
"2024-04-27T15:32:00+00:00";null;null;null;null;null
"2024-04-27T15:33:00+00:00";12;10;7;11;12
"2024-04-27T15:34:00+00:00";11;9;7;10;11
"2024-04-27T15:35:00+00:00";13;10;7;11;13
"2024-04-27T15:36:00+00:00";10;9;6;10;10
"2024-04-27T15:37:00+00:00";14;11;8;13;14
"2024-04-27T15:38:00+00:00";10;8;7;9;10
"2024-04-27T15:39:00+00:00";19;14;10;16;22
"2024-04-27T15:40:00+00:00";11;10;7;11;11
"2024-04-27T15:41:00+00:00";16;12;9;14;16
"2024-04-27T15:42:00+00:00";null;null;null;null;null
"2024-04-27T15:43:00+00:00";16;12;9;14;16
"2024-04-27T15:44:00+00:00";20;15;11;18;20
"2024-04-27T15:45:00+00:00";32;22;15;28;32
"2024-04-27T15:46:00+00:00";49;34;23;42;49
"2024-04-27T15:47:00+00:00";68;48;31;61;71
"2024-04-27T15:48:00+00:00";85;57;38;72;85
"2024-04-27T15:49:00+00:00";124;84;54;107;124
"2024-04-27T15:50:00+00:00";145;101;66;128;146
"2024-04-27T15:51:00+00:00";107;74;48;96;107
"2024-04-27T15:52:00+00:00";null;null;null;null;null
"2024-04-27T15:53:00+00:00";84;57;38;73;84
"2024-04-27T15:54:00+00:00";145;98;64;127;145
"2024-04-27T15:55:00+00:00";159;108;70;141;159
"2024-04-27T15:56:00+00:00";152;104;67;135;152
"2024-04-27T15:57:00+00:00";112;73;48;98;113
"2024-04-27T15:58:00+00:00";149;102;66;132;151
"2024-04-27T15:59:00+00:00";208;137;88;180;208
"2024-04-27T16:00:00+00:00";218;148;96;191;218
"2024-04-27T16:01:00+00:00";null;null;null;null;null
"2024-04-27T16:02:00+00:00";103;71;47;91;103
"2024-04-27T16:03:00+00:00";155;107;69;137;156
"2024-04-27T16:04:00+00:00";172;117;77;153;172
"2024-04-27T16:05:00+00:00";216;146;96;190;218
"2024-04-27T16:06:00+00:00";123;86;56;111;125
"2024-04-27T16:07:00+00:00";144;99;62;127;149
"2024-04-27T16:08:00+00:00";164;112;71;144;164
"2024-04-27T16:09:00+00:00";208;141;92;184;208
"2024-04-27T16:10:00+00:00";156;109;69;140;158
"2024-04-27T16:11:00+00:00";null;null;null;null;null
"2024-04-27T16:12:00+00:00";128;87;56;113;128
"2024-04-27T16:13:00+00:00";163;111;73;144;163
"2024-04-27T16:14:00+00:00";220;147;96;189;220
"2024-04-27T16:15:00+00:00";197;135;87;174;197
"2024-04-27T16:16:00+00:00";170;116;75;150;172
"2024-04-27T16:17:00+00:00";189;127;83;165;189
"2024-04-27T16:18:00+00:00";155;104;69;136;160
"2024-04-27T16:19:00+00:00";177;123;81;156;178
"2024-04-27T16:20:00+00:00";212;144;93;186;212
"2024-04-27T16:21:00+00:00";null;null;null;null;null
"2024-04-27T16:22:00+00:00";238;163;105;212;239
"2024-04-27T16:23:00+00:00";230;154;101;198;230
"2024-04-27T16:24:00+00:00";261;178;114;229;264
"2024-04-27T16:25:00+00:00";289;188;124;245;289
"2024-04-27T16:26:00+00:00";242;164;107;213;248
"2024-04-27T16:27:00+00:00";279;188;120;245;279
"2024-04-27T16:28:00+00:00";296;201;129;261;296
"2024-04-27T16:29:00+00:00";239;161;105;211;239
"2024-04-27T16:30:00+00:00";265;181;115;233;267
"2024-04-27T16:31:00+00:00";null;null;null;null;null
"2024-04-27T16:32:00+00:00";226;157;100;201;226
"2024-04-27T16:33:00+00:00";128;91;59;115;128
"2024-04-27T16:34:00+00:00";280;196;125;253;280
"2024-04-27T16:35:00+00:00";276;189;121;244;276
"2024-04-27T16:36:00+00:00";309;215;139;276;309
"2024-04-27T16:37:00+00:00";391;271;175;351;391
"2024-04-27T16:38:00+00:00";380;263;167;339;380
"2024-04-27T16:39:00+00:00";587;393;252;521;587
"2024-04-27T16:40:00+00:00";null;null;null;null;null
"2024-04-27T16:41:00+00:00";699;467;298;613;705
"2024-04-27T16:42:00+00:00";462;314;202;409;464
"2024-04-27T16:43:00+00:00";497;340;219;440;499
"2024-04-27T16:44:00+00:00";483;328;213;427;483
"2024-04-27T16:45:00+00:00";487;328;210;428;487
"2024-04-27T16:46:00+00:00";506;341;221;446;508
"2024-04-27T16:47:00+00:00";480;327;211;423;487
"2024-04-27T16:48:00+00:00";364;251;160;321;364
"2024-04-27T16:49:00+00:00";347;238;153;307;349
"2024-04-27T16:50:00+00:00";null;null;null;null;null
"2024-04-27T16:51:00+00:00";354;243;154;313;355
"2024-04-27T16:52:00+00:00";263;182;116;234;265
"2024-04-27T16:53:00+00:00";296;200;129;262;296
"2024-04-27T16:54:00+00:00";254;175;113;227;256
"2024-04-27T16:55:00+00:00";144;104;67;130;144
"2024-04-27T16:56:00+00:00";181;123;78;158;181
"2024-04-27T16:57:00+00:00";243;168;108;219;243
"2024-04-27T16:58:00+00:00";212;146;95;191;212
"2024-04-27T16:59:00+00:00";259;174;112;224;261
"2024-04-27T17:00:00+00:00";null;null;null;null;null
"2024-04-27T17:01:00+00:00";257;178;113;228;257
"2024-04-27T17:02:00+00:00";221;152;98;196;223
"2024-04-27T17:03:00+00:00";208;144;93;185;208
"2024-04-27T17:04:00+00:00";188;131;83;164;188
"2024-04-27T17:05:00+00:00";198;133;88;172;201
"2024-04-27T17:06:00+00:00";193;138;93;174;215
"2024-04-27T17:07:00+00:00";136;95;62;123;139
"2024-04-27T17:08:00+00:00";195;136;90;174;207
"2024-04-27T17:09:00+00:00";null;null;null;null;null
"2024-04-27T17:10:00+00:00";165;113;73;143;165
"2024-04-27T17:11:00+00:00";183;124;79;159;183
"2024-04-27T17:12:00+00:00";200;141;91;181;200
"2024-04-27T17:13:00+00:00";152;105;68;136;152
"2024-04-27T17:14:00+00:00";96;66;43;85;96
"2024-04-27T17:15:00+00:00";116;80;52;102;116
"2024-04-27T17:16:00+00:00";147;101;65;131;147
"2024-04-27T17:17:00+00:00";201;136;87;174;201
"2024-04-27T17:18:00+00:00";190;131;85;169;195
"2024-04-27T17:19:00+00:00";null;null;null;null;null
"2024-04-27T17:20:00+00:00";170;115;74;148;170
"2024-04-27T17:21:00+00:00";135;89;58;117;135
"2024-04-27T17:22:00+00:00";301;197;127;260;301
"2024-04-27T17:23:00+00:00";360;247;157;322;360
"2024-04-27T17:24:00+00:00";250;172;109;220;250
"2024-04-27T17:25:00+00:00";452;309;197;406;452
"2024-04-27T17:26:00+00:00";295;197;130;256;300
"2024-04-27T17:27:00+00:00";379;249;165;328;404
"2024-04-27T17:28:00+00:00";214;151;96;194;214
"2024-04-27T17:29:00+00:00";null;null;null;null;null
"2024-04-27T17:30:00+00:00";185;132;84;168;185
"2024-04-27T17:31:00+00:00";161;111;72;144;161
"2024-04-27T17:32:00+00:00";247;169;109;221;247
"2024-04-27T17:33:00+00:00";283;194;125;252;285
"2024-04-27T17:34:00+00:00";293;202;128;260;301
"2024-04-27T17:35:00+00:00";343;230;147;301;343
"2024-04-27T17:36:00+00:00";164;115;73;147;164
"2024-04-27T17:37:00+00:00";167;117;76;150;167
"2024-04-27T17:38:00+00:00";null;null;null;null;null
"2024-04-27T17:39:00+00:00";225;151;98;196;225
"2024-04-27T17:40:00+00:00";188;128;82;167;188
"2024-04-27T17:41:00+00:00";106;71;47;92;106
"2024-04-27T17:42:00+00:00";159;109;70;142;163
"2024-04-27T17:43:00+00:00";196;131;84;172;197
"2024-04-27T17:44:00+00:00";219;150;98;193;219
"2024-04-27T17:45:00+00:00";152;106;68;137;152
"2024-04-27T17:46:00+00:00";264;178;115;233;266
"2024-04-27T17:47:00+00:00";255;171;110;223;255
"2024-04-27T17:48:00+00:00";null;null;null;null;null
"2024-04-27T17:49:00+00:00";287;192;123;250;287
"2024-04-27T17:50:00+00:00";288;196;128;256;288
"2024-04-27T17:51:00+00:00";224;155;99;203;224
"2024-04-27T17:52:00+00:00";190;123;81;168;196
"2024-04-27T17:53:00+00:00";187;126;82;162;199
"2024-04-27T17:54:00+00:00";118;80;52;102;126
"2024-04-27T17:55:00+00:00";169;108;71;144;182
"2024-04-27T17:56:00+00:00";45;31;21;40;45
"2024-04-27T17:57:00+00:00";93;66;42;84;93
"2024-04-27T17:58:00+00:00";null;null;null;null;null
"2024-04-27T17:59:00+00:00";68;47;31;61;70
"2024-04-27T18:00:00+00:00";105;74;48;96;105
"2024-04-27T18:01:00+00:00";90;58;39;77;90
"2024-04-27T18:02:00+00:00";70;45;31;59;70
"2024-04-27T18:03:00+00:00";75;50;33;65;76
"2024-04-27T18:04:00+00:00";39;25;16;32;39
"2024-04-27T18:05:00+00:00";69;46;30;61;69
"2024-04-27T18:06:00+00:00";78;48;32;65;79
"2024-04-27T18:07:00+00:00";null;null;null;null;null
"2024-04-27T18:08:00+00:00";127;81;53;109;128
"2024-04-27T18:09:00+00:00";113;73;47;96;113
"2024-04-27T18:10:00+00:00";123;81;53;108;123
"2024-04-27T18:11:00+00:00";70;46;32;60;73
"2024-04-27T18:12:00+00:00";66;44;30;58;70
"2024-04-27T18:13:00+00:00";58;39;26;51;58
"2024-04-27T18:14:00+00:00";59;39;26;52;59
"2024-04-27T18:15:00+00:00";62;40;27;53;62
"2024-04-27T18:16:00+00:00";47;30;21;40;47
"2024-04-27T18:17:00+00:00";null;null;null;null;null
"2024-04-27T18:18:00+00:00";57;37;25;48;57
"2024-04-27T18:19:00+00:00";71;46;31;60;71
"2024-04-27T18:20:00+00:00";102;66;44;88;102
"2024-04-27T18:21:00+00:00";136;86;57;115;137
"2024-04-27T18:22:00+00:00";163;100;67;137;165
"2024-04-27T18:23:00+00:00";139;88;59;119;139
"2024-04-27T18:24:00+00:00";77;49;32;65;77
"2024-04-27T18:25:00+00:00";77;47;31;64;77
"2024-04-27T18:26:00+00:00";90;56;38;75;95
"2024-04-27T18:27:00+00:00";null;null;null;null;null
"2024-04-27T18:28:00+00:00";178;108;72;146;178
"2024-04-27T18:29:00+00:00";234;146;96;196;234
"2024-04-27T18:30:00+00:00";289;189;123;248;311
"2024-04-27T18:31:00+00:00";335;217;144;289;338
"2024-04-27T18:32:00+00:00";462;295;193;396;473
"2024-04-27T18:33:00+00:00";502;328;212;438;502
"2024-04-27T18:34:00+00:00";399;257;168;346;406
"2024-04-27T18:35:00+00:00";384;245;158;331;395
"2024-04-27T18:36:00+00:00";null;null;null;null;null
"2024-04-27T18:37:00+00:00";415;270;174;360;415
"2024-04-27T18:38:00+00:00";342;217;143;293;349
"2024-04-27T18:39:00+00:00";335;218;141;294;341
"2024-04-27T18:40:00+00:00";163;103;69;137;169
"2024-04-27T18:41:00+00:00";238;146;97;202;238
"2024-04-27T18:42:00+00:00";195;119;79;165;195
"2024-04-27T18:43:00+00:00";135;81;53;108;138
"2024-04-27T18:44:00+00:00";281;186;136;237;297
"2024-04-27T18:45:00+00:00";124;81;55;108;124
"2024-04-27T18:46:00+00:00";null;null;null;null;null
"2024-04-27T18:47:00+00:00";216;140;92;187;216
"2024-04-27T18:48:00+00:00";128;81;53;109;128
"2024-04-27T18:49:00+00:00";91;58;39;78;91
"2024-04-27T18:50:00+00:00";82;51;33;68;82
"2024-04-27T18:51:00+00:00";79;52;34;70;79
"2024-04-27T18:52:00+00:00";50;33;22;43;50
"2024-04-27T18:53:00+00:00";143;87;60;117;145
"2024-04-27T18:54:00+00:00";112;74;47;98;112
"2024-04-27T18:55:00+00:00";102;70;44;91;102
"2024-04-27T18:56:00+00:00";null;null;null;null;null
"2024-04-27T18:57:00+00:00";132;88;58;118;132
"2024-04-27T18:58:00+00:00";156;108;68;140;156
"2024-04-27T18:59:00+00:00";157;104;68;137;157
"2024-04-27T19:00:00+00:00";183;115;75;153;185
"2024-04-27T19:01:00+00:00";220;143;91;191;220
"2024-04-27T19:02:00+00:00";353;233;152;311;362
"2024-04-27T19:03:00+00:00";272;187;120;243;272
"2024-04-27T19:04:00+00:00";299;200;128;264;299
"2024-04-27T19:05:00+00:00";null;null;null;null;null
"2024-04-27T19:06:00+00:00";366;241;157;316;378
"2024-04-27T19:07:00+00:00";442;284;184;380;442
"2024-04-27T19:08:00+00:00";434;292;187;384;457
"2024-04-27T19:09:00+00:00";422;275;177;364;427
"2024-04-27T19:10:00+00:00";421;277;181;369;425
"2024-04-27T19:11:00+00:00";361;242;158;321;361
"2024-04-27T19:12:00+00:00";372;242;157;324;372
"2024-04-27T19:13:00+00:00";459;284;188;387;459
"2024-04-27T19:14:00+00:00";544;360;233;472;544
"2024-04-27T19:15:00+00:00";null;null;null;null;null
"2024-04-27T19:16:00+00:00";511;344;219;454;517
"2024-04-27T19:17:00+00:00";550;368;239;481;550
"2024-04-27T19:18:00+00:00";631;414;266;552;631
"2024-04-27T19:19:00+00:00";464;318;210;414;464
"2024-04-27T19:20:00+00:00";718;457;301;613;718
"2024-04-27T19:21:00+00:00";619;411;262;541;626
"2024-04-27T19:22:00+00:00";485;327;209;428;487
"2024-04-27T19:23:00+00:00";463;309;200;411;465
"2024-04-27T19:24:00+00:00";586;391;255;510;606
"2024-04-27T19:25:00+00:00";null;null;null;null;null
"2024-04-27T19:26:00+00:00";339;235;146;306;342
"2024-04-27T19:27:00+00:00";225;153;97;198;225
"2024-04-27T19:28:00+00:00";252;170;108;224;252
"2024-04-27T19:29:00+00:00";228;154;98;202;228
"2024-04-27T19:30:00+00:00";196;134;84;176;196
"2024-04-27T19:31:00+00:00";218;147;94;191;220
"2024-04-27T19:32:00+00:00";143;95;59;126;143
"2024-04-27T19:33:00+00:00";85;59;38;76;85
"2024-04-27T19:34:00+00:00";null;null;null;null;null
"2024-04-27T19:35:00+00:00";124;84;54;109;124
"2024-04-27T19:36:00+00:00";111;75;48;100;111
"2024-04-27T19:37:00+00:00";111;76;48;99;115
"2024-04-27T19:38:00+00:00";86;59;38;77;86
"2024-04-27T19:39:00+00:00";55;38;24;48;55
"2024-04-27T19:40:00+00:00";29;20;13;26;29
"2024-04-27T19:41:00+00:00";39;26;17;34;39
"2024-04-27T19:42:00+00:00";30;21;13;28;30
"2024-04-27T19:43:00+00:00";48;33;21;42;48
"2024-04-27T19:44:00+00:00";null;null;null;null;null
"2024-04-27T19:45:00+00:00";41;29;18;38;42
"2024-04-27T19:46:00+00:00";52;35;22;46;52
"2024-04-27T19:47:00+00:00";52;34;22;46;52
"2024-04-27T19:48:00+00:00";42;29;19;37;42
"2024-04-27T19:49:00+00:00";46;31;19;40;46
"2024-04-27T19:50:00+00:00";55;36;22;47;55
"2024-04-27T19:51:00+00:00";68;45;29;61;68
"2024-04-27T19:52:00+00:00";48;34;22;44;48
"2024-04-27T19:53:00+00:00";46;29;19;37;47
"2024-04-27T19:54:00+00:00";null;null;null;null;null
"2024-04-27T19:55:00+00:00";32;22;14;29;32
"2024-04-27T19:56:00+00:00";22;16;11;21;22
"2024-04-27T19:57:00+00:00";25;17;10;21;25
"2024-04-27T19:58:00+00:00";30;21;13;26;30
"2024-04-27T19:59:00+00:00";27;19;12;24;27
"2024-04-27T20:00:00+00:00";23;16;10;21;23
"2024-04-27T20:01:00+00:00";12;9;5;11;12
"2024-04-27T20:02:00+00:00";8;6;4;7;8
"2024-04-27T20:03:00+00:00";null;null;null;null;null
"2024-04-27T20:04:00+00:00";7;6;3;7;7
"2024-04-27T20:05:00+00:00";8;6;4;7;8
"2024-04-27T20:06:00+00:00";7;5;3;7;7
"2024-04-27T20:07:00+00:00";5;4;2;5;5
"2024-04-27T20:08:00+00:00";6;4;3;6;6
"2024-04-27T20:09:00+00:00";5;3;2;4;5
"2024-04-27T20:10:00+00:00";4;4;2;4;4
"2024-04-27T20:11:00+00:00";10;6;4;8;10
"2024-04-27T20:12:00+00:00";6;3;2;4;6
"2024-04-27T20:13:00+00:00";null;null;null;null;null
"2024-04-27T20:14:00+00:00";4;3;2;4;4
"2024-04-27T20:15:00+00:00";5;4;3;5;5
"2024-04-27T20:16:00+00:00";5;4;2;5;5
"2024-04-27T20:17:00+00:00";5;4;2;5;5
"2024-04-27T20:18:00+00:00";5;4;2;5;5
"2024-04-27T20:19:00+00:00";4;3;2;4;4
"2024-04-27T20:20:00+00:00";4;3;2;4;4
"2024-04-27T20:21:00+00:00";5;3;2;4;5
"2024-04-27T20:22:00+00:00";null;null;null;null;null
"2024-04-27T20:23:00+00:00";3;3;1;3;3
"2024-04-27T20:24:00+00:00";5;4;2;5;5
"2024-04-27T20:25:00+00:00";5;4;2;4;5
"2024-04-27T20:26:00+00:00";5;3;2;4;5
"2024-04-27T20:27:00+00:00";3;3;1;3;3
"2024-04-27T20:28:00+00:00";4;3;2;4;4
"2024-04-27T20:29:00+00:00";4;3;2;4;4
"2024-04-27T20:30:00+00:00";5;4;2;4;5
"2024-04-27T20:31:00+00:00";4;3;2;4;4
"2024-04-27T20:32:00+00:00";null;null;null;null;null
"2024-04-27T20:33:00+00:00";3;3;1;3;3
"2024-04-27T20:34:00+00:00";3;2;1;2;3
"2024-04-27T20:35:00+00:00";4;3;2;4;4
"2024-04-27T20:36:00+00:00";3;2;1;3;3
"2024-04-27T20:37:00+00:00";3;3;1;3;3
"2024-04-27T20:38:00+00:00";3;3;1;3;3
"2024-04-27T20:39:00+00:00";18;12;8;16;18
"2024-04-27T20:40:00+00:00";12;8;5;11;12
"2024-04-27T20:41:00+00:00";25;18;12;24;25
"2024-04-27T20:42:00+00:00";null;null;null;null;null
"2024-04-27T20:43:00+00:00";67;43;28;59;67
"2024-04-27T20:44:00+00:00";51;32;20;43;51
"2024-04-27T20:45:00+00:00";31;20;13;27;31
"2024-04-27T20:46:00+00:00";16;12;7;15;16
"2024-04-27T20:47:00+00:00";14;9;5;12;14
"2024-04-27T20:48:00+00:00";10;7;4;9;10
"2024-04-27T20:49:00+00:00";6;4;2;6;6
"2024-04-27T20:50:00+00:00";4;3;2;4;4
"2024-04-27T20:51:00+00:00";3;2;1;2;3
"2024-04-27T20:52:00+00:00";null;null;null;null;null
"2024-04-27T20:53:00+00:00";3;3;1;3;3
"2024-04-27T20:54:00+00:00";4;3;1;3;4
"2024-04-27T20:55:00+00:00";4;2;1;3;4
"2024-04-27T20:56:00+00:00";5;3;2;4;5
"2024-04-27T20:57:00+00:00";5;3;2;4;5
"2024-04-27T20:58:00+00:00";4;3;2;4;4
"2024-04-27T20:59:00+00:00";7;5;3;6;7
"2024-04-27T21:00:00+00:00";8;4;2;6;8
"2024-04-27T21:01:00+00:00";null;null;null;null;null
"2024-04-27T21:02:00+00:00";7;5;3;7;7
"2024-04-27T21:03:00+00:00";9;6;4;7;9
"2024-04-27T21:04:00+00:00";8;6;3;7;8
"2024-04-27T21:05:00+00:00";9;6;4;8;9
"2024-04-27T21:06:00+00:00";9;6;3;8;9
"2024-04-27T21:07:00+00:00";8;5;3;7;8
"2024-04-27T21:08:00+00:00";6;4;2;5;6
"2024-04-27T21:09:00+00:00";6;4;2;5;6
"2024-04-27T21:10:00+00:00";7;4;2;6;7
"2024-04-27T21:11:00+00:00";null;null;null;null;null
"2024-04-27T21:12:00+00:00";7;5;3;6;7
"2024-04-27T21:13:00+00:00";7;5;3;7;7
"2024-04-27T21:14:00+00:00";6;4;2;6;6
"2024-04-27T21:15:00+00:00";6;4;2;5;6
"2024-04-27T21:16:00+00:00";6;4;2;6;6
"2024-04-27T21:17:00+00:00";7;4;2;6;7
"2024-04-27T21:18:00+00:00";8;5;3;7;8
"2024-04-27T21:19:00+00:00";9;6;3;7;9
"2024-04-27T21:20:00+00:00";8;5;3;7;8
"2024-04-27T21:21:00+00:00";null;null;null;null;null
"2024-04-27T21:22:00+00:00";7;5;2;6;7
"2024-04-27T21:23:00+00:00";7;4;2;6;7
"2024-04-27T21:24:00+00:00";7;4;2;6;7
"2024-04-27T21:25:00+00:00";7;5;3;7;7
"2024-04-27T21:26:00+00:00";7;5;3;6;7
"2024-04-27T21:27:00+00:00";8;5;3;6;8
"2024-04-27T21:28:00+00:00";6;4;2;6;6
"2024-04-27T21:29:00+00:00";3;2;1;3;3
"2024-04-27T21:30:00+00:00";null;null;null;null;null
"2024-04-27T21:31:00+00:00";8;4;2;6;8
"2024-04-27T21:32:00+00:00";14;8;5;12;14
"2024-04-27T21:33:00+00:00";18;12;7;16;18
"2024-04-27T21:34:00+00:00";18;12;7;15;18
"2024-04-27T21:35:00+00:00";25;17;12;20;36
"2024-04-27T21:36:00+00:00";19;12;7;17;21
"2024-04-27T21:37:00+00:00";26;17;10;23;26
"2024-04-27T21:38:00+00:00";27;17;11;24;27
"2024-04-27T21:39:00+00:00";28;19;12;25;28
"2024-04-27T21:40:00+00:00";null;null;null;null;null
"2024-04-27T21:41:00+00:00";36;23;14;32;36
"2024-04-27T21:42:00+00:00";60;38;24;51;60
"2024-04-27T21:43:00+00:00";87;58;36;78;87
"2024-04-27T21:44:00+00:00";95;63;39;83;95
"2024-04-27T21:45:00+00:00";137;88;57;119;137
"2024-04-27T21:46:00+00:00";98;65;42;88;98
"2024-04-27T21:47:00+00:00";74;49;30;64;74
"2024-04-27T21:48:00+00:00";37;26;15;34;37
"2024-04-27T21:49:00+00:00";null;null;null;null;null
"2024-04-27T21:50:00+00:00";17;11;6;15;19
"2024-04-27T21:51:00+00:00";9;7;4;8;9
"2024-04-27T21:52:00+00:00";9;5;2;6;9
"2024-04-27T21:53:00+00:00";8;5;2;7;8
"2024-04-27T21:54:00+00:00";9;6;3;8;9
"2024-04-27T21:55:00+00:00";7;4;2;6;7
"2024-04-27T21:56:00+00:00";7;4;2;5;7
"2024-04-27T21:57:00+00:00";7;4;2;6;7
"2024-04-27T21:58:00+00:00";12;8;5;11;12
"2024-04-27T21:59:00+00:00";null;null;null;null;null
"2024-04-27T22:00:00+00:00";12;8;4;11;12
"2024-04-27T22:01:00+00:00";12;8;5;11;12
"2024-04-27T22:02:00+00:00";14;9;5;11;14
"2024-04-27T22:03:00+00:00";12;8;4;11;12
"2024-04-27T22:04:00+00:00";14;9;5;13;14
"2024-04-27T22:05:00+00:00";9;6;3;8;9
"2024-04-27T22:06:00+00:00";7;5;3;7;7
"2024-04-27T22:07:00+00:00";5;3;1;4;5
"2024-04-27T22:08:00+00:00";5;3;2;4;5
"2024-04-27T22:09:00+00:00";null;null;null;null;null
"2024-04-27T22:10:00+00:00";null;null;null;null;null
"2024-04-27T22:11:00+00:00";null;null;null;null;null
"2024-04-27T22:12:00+00:00";null;null;null;null;null
"2024-04-27T22:13:00+00:00";null;null;null;null;null
"2024-04-27T22:14:00+00:00";null;null;null;null;null
"2024-04-27T22:15:00+00:00";null;null;null;null;null
"2024-04-27T22:16:00+00:00";null;null;null;null;null
"2024-04-27T22:17:00+00:00";null;null;null;null;null
"2024-04-27T22:18:00+00:00";null;null;null;null;null
"2024-04-27T22:19:00+00:00";null;null;null;null;null
"2024-04-27T22:20:00+00:00";null;null;null;null;null
"2024-04-27T22:21:00+00:00";null;null;null;null;null
"2024-04-27T22:22:00+00:00";null;null;null;null;null
"2024-04-27T22:23:00+00:00";null;null;null;null;null
"2024-04-27T22:24:00+00:00";null;null;null;null;null
"2024-04-27T22:25:00+00:00";null;null;null;null;null
"2024-04-27T22:26:00+00:00";null;null;null;null;null
"2024-04-27T22:27:00+00:00";null;null;null;null;null
"2024-04-27T22:28:00+00:00";null;null;null;null;null
"2024-04-27T22:29:00+00:00";null;null;null;null;null
"2024-04-27T22:30:00+00:00";3;2;1;3;3
"2024-04-27T22:31:00+00:00";21;14;9;20;21
"2024-04-27T22:32:00+00:00";33;21;14;28;33
"2024-04-27T22:33:00+00:00";37;23;15;31;37
"2024-04-27T22:34:00+00:00";39;24;16;33;39
"2024-04-27T22:35:00+00:00";49;27;19;39;49
"2024-04-27T22:36:00+00:00";41;26;16;35;41
"2024-04-27T22:37:00+00:00";43;25;17;35;43
"2024-04-27T22:38:00+00:00";33;21;14;29;33
"2024-04-27T22:39:00+00:00";null;null;null;null;null
"2024-04-27T22:40:00+00:00";33;21;14;28;35
"2024-04-27T22:41:00+00:00";27;17;11;23;27
"2024-04-27T22:42:00+00:00";25;15;10;20;25
"2024-04-27T22:43:00+00:00";25;16;11;21;27
"2024-04-27T22:44:00+00:00";22;14;9;19;22
"2024-04-27T22:45:00+00:00";22;14;9;19;22
"2024-04-27T22:46:00+00:00";17;11;7;14;17
"2024-04-27T22:47:00+00:00";14;9;6;12;14
"2024-04-27T22:48:00+00:00";null;null;null;null;null
"2024-04-27T22:49:00+00:00";14;9;6;11;14
"2024-04-27T22:50:00+00:00";12;8;5;10;12
"2024-04-27T22:51:00+00:00";12;8;5;10;12
"2024-04-27T22:52:00+00:00";13;9;6;11;14
"2024-04-27T22:53:00+00:00";11;8;5;10;11
"2024-04-27T22:54:00+00:00";14;9;6;11;14
"2024-04-27T22:55:00+00:00";14;9;6;11;14
"2024-04-27T22:56:00+00:00";13;9;6;11;13
"2024-04-27T22:57:00+00:00";12;8;5;11;12
"2024-04-27T22:58:00+00:00";null;null;null;null;null
"2024-04-27T22:59:00+00:00";12;8;5;10;12
"2024-04-27T23:00:00+00:00";14;9;6;12;14
"2024-04-27T23:01:00+00:00";14;9;6;11;14
"2024-04-27T23:02:00+00:00";14;8;6;11;14
"2024-04-27T23:03:00+00:00";11;7;5;9;11
"2024-04-27T23:04:00+00:00";11;7;5;10;11
"2024-04-27T23:05:00+00:00";11;7;5;9;11
"2024-04-27T23:06:00+00:00";9;6;4;8;9
"2024-04-27T23:07:00+00:00";8;6;4;7;8
"2024-04-27T23:08:00+00:00";null;null;null;null;null
"2024-04-27T23:09:00+00:00";8;5;4;7;8
"2024-04-27T23:10:00+00:00";7;6;4;7;7
"2024-04-27T23:11:00+00:00";7;5;4;6;7
"2024-04-27T23:12:00+00:00";7;5;3;6;9
"2024-04-27T23:13:00+00:00";6;4;3;5;6
"2024-04-27T23:14:00+00:00";6;5;3;6;6
"2024-04-27T23:15:00+00:00";8;6;4;6;8
"2024-04-27T23:16:00+00:00";8;6;4;7;8
"2024-04-27T23:17:00+00:00";null;null;null;null;null
"2024-04-27T23:18:00+00:00";6;5;3;6;6
"2024-04-27T23:19:00+00:00";7;5;3;6;7
"2024-04-27T23:20:00+00:00";7;4;3;6;7
"2024-04-27T23:21:00+00:00";6;5;3;6;6
"2024-04-27T23:22:00+00:00";7;5;4;7;7
"2024-04-27T23:23:00+00:00";8;6;4;7;8
"2024-04-27T23:24:00+00:00";9;6;4;8;9
"2024-04-27T23:25:00+00:00";9;6;4;7;9
"2024-04-27T23:26:00+00:00";8;6;4;8;8
"2024-04-27T23:27:00+00:00";null;null;null;null;null
"2024-04-27T23:28:00+00:00";8;6;4;7;8
"2024-04-27T23:29:00+00:00";9;5;4;7;9
"2024-04-27T23:30:00+00:00";10;7;5;9;10
"2024-04-27T23:31:00+00:00";10;7;5;9;10
"2024-04-27T23:32:00+00:00";10;6;4;9;10
"2024-04-27T23:33:00+00:00";9;6;4;8;9
"2024-04-27T23:34:00+00:00";10;6;5;8;10
"2024-04-27T23:35:00+00:00";11;7;5;9;11
"2024-04-27T23:36:00+00:00";11;7;5;9;11
"2024-04-27T23:37:00+00:00";null;null;null;null;null
"2024-04-27T23:38:00+00:00";9;6;4;8;9
"2024-04-27T23:39:00+00:00";7;5;3;6;7
"2024-04-27T23:40:00+00:00";8;6;4;7;8
"2024-04-27T23:41:00+00:00";9;6;4;8;9
"2024-04-27T23:42:00+00:00";7;5;3;6;7
"2024-04-27T23:43:00+00:00";8;5;3;6;8
"2024-04-27T23:44:00+00:00";13;7;5;10;13
"2024-04-27T23:45:00+00:00";9;7;4;9;9
"2024-04-27T23:46:00+00:00";null;null;null;null;null
"2024-04-27T23:47:00+00:00";12;8;5;10;12
"2024-04-27T23:48:00+00:00";11;7;5;10;11
"2024-04-27T23:49:00+00:00";12;9;6;11;12
"2024-04-27T23:50:00+00:00";16;10;7;13;16
"2024-04-27T23:51:00+00:00";18;11;8;16;18
"2024-04-27T23:52:00+00:00";18;12;8;16;18
"2024-04-27T23:53:00+00:00";22;13;9;17;22
"2024-04-27T23:54:00+00:00";16;11;7;14;16
"2024-04-27T23:55:00+00:00";16;10;7;13;16
"2024-04-27T23:56:00+00:00";null;null;null;null;null
"2024-04-27T23:57:00+00:00";15;9;6;13;15
"2024-04-27T23:58:00+00:00";17;10;7;13;17
"2024-04-27T23:59:00+00:00";14;9;6;13;14